{
  "Fort Sterling": {
    "T3_FIBER": 98797.86666666667,
    "T2_FIBER": 49684.1,
    "T4_FIBER": 106705.46666666666,
    "T4_FIBER_LEVEL1@1": 42949.58064516129
  },
  "Lymhurst": {
    "T3_FIBER": 263330.36666666664,
    "T2_FIBER": 115067.46666666666,
    "T4_FIBER": 248691.36666666667,
    "T4_FIBER_LEVEL1@1": 67114.23333333334
  },
  "Thetford": {
    "T3_FIBER": 770034.3225806452,
    "T2_FIBER": 253755.76,
    "T4_FIBER": 501479.2580645161,
    "T4_FIBER_LEVEL1@1": 142827.03333333333
  }
}
