{
  "Fort Sterling": {
    "T6_WOOD_LEVEL4@4": 127773.0,
    "T6_FIBER_LEVEL3@3": 0.0,
    "T6_ORE_LEVEL1@1": 2429.0,
    "T5_ORE_LEVEL2@2": 2445.0,
    "T5_TEASEL": 438.0,
    "T4_HIDE": 95.0,
    "T3_WOOD": 138.0,
    "T8_WOOD_LEVEL4@4": 1.223987e6,
    "T8_STONE_LEVEL4@4": 0.0,
    "T6_ORE_LEVEL4@4": 119996.0,
    "T3_FIBER": 97.0,
    "T8_WOOD_LEVEL2@2": 65991.0,
    "T5_WOOD_LEVEL3@3": 0.0,
    "T5_WOOD_LEVEL4@4": 54000.0,
    "T6_WOOD_LEVEL3@3": 32036.0,
    "TREASURE_CEREMONIAL_RARITY2": 4608.0,
    "T5_HIDE_LEVEL4@4": 49969.0,
    "T7_FIBER_LEVEL1@1": 6514.0,
    "T4_HIDE_LEVEL3@3": 5969.0,
    "T6_FOXGLOVE": 499.0,
    "T8_ORE_LEVEL4@4": 1.129999e6,
    "T6_ALCOHOL": 424.0,
    "TREASURE_KNOWLEDGE_RARITY1": 830.0,
    "T4_HIDE_LEVEL4@4": 39357.0,
    "T6_STONE_LEVEL2@2": 0.0,
    "T8_ORE_LEVEL2@2": 80000.0,
    "T7_ORE_LEVEL3@3": 83991.0,
    "T4_BURDOCK": 448.0,
    "T5_FIBER": 376.0,
    "T7_WOOD_LEVEL4@4": 318088.0,
    "T8_ORE": 8361.0,
    "T3_COMFREY": 419.0,
    "T5_MEAT": 467.0,
    "T8_WOOD_LEVEL1@1": 14278.0,
    "T5_EGG": 383.0,
    "T8_STONE_LEVEL3@3": 0.0,
    "T7_CORN": 491.0,
    "T4_ORE_LEVEL1@1": 290.0,
    "T8_STONE": 0.0,
    "T7_ORE_LEVEL1@1": 6460.0,
    "T5_STONE": 0.0,
    "T5_FIBER_LEVEL3@3": 11956.0,
    "T7_STONE_LEVEL4@4": 0.0,
    "T7_WOOD_LEVEL2@2": 19765.0,
    "T4_ORE": 138.0,
    "T5_CABBAGE": 486.0,
    "T7_WOOD": 2630.0,
    "T6_HIDE_LEVEL4@4": 119896.0,
    "T5_WOOD": 340.0,
    "T8_WOOD_LEVEL3@3": 245636.0,
    "TREASURE_RITUAL_RARITY3": 21974.0,
    "T8_ORE_LEVEL3@3": 270963.0,
    "T8_ALCOHOL": 501.0,
    "T4_FIBER": 94.0,
    "T8_STONE_LEVEL1@1": 0.0,
    "T4_STONE_LEVEL2@2": 0.0,
    "TREASURE_RITUAL_RARITY2": 2720.0,
    "T1_CARROT": 449.0,
    "T7_STONE_LEVEL3@3": 0.0,
    "T7_ORE_LEVEL2@2": 24115.0,
    "T2_FIBER": 33.0,
    "T4_MILK": 0.0,
    "T6_HIDE_LEVEL3@3": 31979.0,
    "T8_ORE_LEVEL1@1": 0.0,
    "T2_HIDE": 99.0,
    "T4_FIBER_LEVEL1@1": 179.0,
    "T6_HIDE_LEVEL2@2": 8372.0,
    "T6_FIBER": 1238.0,
    "T7_MULLEIN": 487.0,
    "T2_BEAN": 416.0,
    "T6_HIDE": 1618.0,
    "T4_STONE_LEVEL4@4": 0.0,
    "T8_YARROW": 490.0,
    "T4_TURNIP": 407.0,
    "TREASURE_TRIBAL_RARITY1": 870.0,
    "T7_FIBER": 3072.0,
    "TREASURE_TRIBAL_RARITY3": 23874.0,
    "T6_FIBER_LEVEL2@2": 8752.0,
    "T2_STONE": 0.0,
    "T7_WOOD_LEVEL1@1": 4298.0,
    "T3_ORE": 89.0,
    "T3_EGG": 170.0,
    "T5_FIBER_LEVEL2@2": 1680.0,
    "T6_MILK": 378.0,
    "T8_FIBER_LEVEL2@2": 74017.0,
    "TREASURE_CEREMONIAL_RARITY3": 23897.0,
    "T5_HIDE_LEVEL1@1": 604.0,
    "T6_FIBER_LEVEL4@4": 90000.0,
    "T7_STONE_LEVEL2@2": 0.0,
    "T7_FIBER_LEVEL3@3": 79969.0,
    "T2_WOOD": 74.0,
    "T5_ORE": 344.0,
    "T3_MEAT": 434.0,
    "T5_WOOD_LEVEL1@1": 538.0,
    "T8_HIDE": 10931.0,
    "T8_STONE_LEVEL2@2": 0.0,
    "TREASURE_TRIBAL_RARITY2": 4655.0,
    "TREASURE_DECORATIVE_RARITY1": 1026.7379679144385,
    "T7_ORE": 2115.0,
    "T7_ALCOHOL": 450.0,
    "T7_HIDE_LEVEL1@1": 0.0,
    "T6_MEAT": 468.0,
    "T7_STONE_LEVEL1@1": 0.0,
    "T5_FIBER_LEVEL4@4": 39974.0,
    "T4_ORE_LEVEL3@3": 4989.0,
    "T5_ORE_LEVEL1@1": 688.0,
    "T4_WOOD_LEVEL4@4": 0.0,
    "T4_HIDE_LEVEL1@1": 157.0,
    "T4_ORE_LEVEL4@4": 39891.0,
    "T6_HIDE_LEVEL1@1": 2963.0,
    "T4_WOOD_LEVEL2@2": 1080.0,
    "T4_MEAT": 436.0,
    "T6_ORE": 1213.0,
    "T2_AGARIC": 460.0,
    "TREASURE_SILVERWARE_RARITY3": 23978.0,
    "T4_STONE_LEVEL1@1": 0.0,
    "T3_WHEAT": 554.0,
    "T7_HIDE": 0.0,
    "T7_ORE_LEVEL4@4": 318991.0,
    "T6_STONE_LEVEL1@1": 0.0,
    "T6_ORE_LEVEL3@3": 0.0,
    "T4_HIDE_LEVEL2@2": 1195.0,
    "T5_HIDE_LEVEL3@3": 11532.0,
    "T5_STONE_LEVEL2@2": 0.0,
    "T6_STONE": 0.0,
    "TREASURE_DECORATIVE_RARITY2": 5133.689839572192,
    "T7_MEAT": 465.0,
    "TREASURE_DECORATIVE_RARITY3": 25668.449197860962,
    "T5_FIBER_LEVEL1@1": 741.0,
    "T5_STONE_LEVEL3@3": 0.0,
    "T6_WOOD_LEVEL1@1": 1681.0,
    "T4_ORE_LEVEL2@2": 1332.0,
    "T7_STONE": 0.0,
    "T4_STONE_LEVEL3@3": 0.0,
    "T5_ORE_LEVEL3@3": 11899.0,
    "T6_ORE_LEVEL2@2": 7300.0,
    "T4_WOOD": 117.0,
    "T7_HIDE_LEVEL3@3": 81993.0,
    "TREASURE_RITUAL_RARITY1": 390.0,
    "T8_HIDE_LEVEL1@1": 25180.0,
    "T8_FIBER_LEVEL4@4": 1.299997e6,
    "T8_HIDE_LEVEL2@2": 78997.0,
    "TREASURE_KNOWLEDGE_RARITY2": 4687.0,
    "T8_FIBER_LEVEL3@3": 248996.0,
    "TREASURE_SILVERWARE_RARITY2": 4609.0,
    "T3_HIDE": 89.0,
    "T8_FIBER_LEVEL1@1": 20962.0,
    "T6_WOOD": 925.0,
    "T5_HIDE": 392.0,
    "T7_FIBER_LEVEL2@2": 0.0,
    "T5_ORE_LEVEL4@4": 64964.0,
    "T8_HIDE_LEVEL3@3": 254444.0,
    "T6_FIBER_LEVEL1@1": 2198.0,
    "T8_WOOD": 9460.0,
    "T4_FIBER_LEVEL2@2": 1184.0,
    "T7_HIDE_LEVEL2@2": 0.0,
    "T4_STONE": 0.0,
    "T8_MILK": 419.0,
    "T4_FIBER_LEVEL3@3": 0.0,
    "T7_WOOD_LEVEL3@3": 79983.0,
    "T5_HIDE_LEVEL2@2": 0.0,
    "T5_STONE_LEVEL1@1": 0.0,
    "TREASURE_SILVERWARE_RARITY1": 919.0,
    "T8_FIBER": 8969.0,
    "TREASURE_CEREMONIAL_RARITY1": 899.0,
    "T6_WOOD_LEVEL2@2": 8762.0,
    "T6_STONE_LEVEL4@4": 0.0,
    "T4_FIBER_LEVEL4@4": 38000.0,
    "T5_STONE_LEVEL4@4": 0.0,
    "T7_FIBER_LEVEL4@4": 222221.0,
    "T2_ORE": 52.0,
    "T4_WOOD_LEVEL1@1": 167.0,
    "T8_PUMPKIN": 524.0,
    "TREASURE_KNOWLEDGE_RARITY3": 0.0,
    "T6_STONE_LEVEL3@3": 0.0,
    "T6_POTATO": 520.0,
    "T3_STONE": 0.0,
    "T4_WOOD_LEVEL3@3": 6552.0,
    "T8_MEAT": 510.0,
    "T8_HIDE_LEVEL4@4": 1.149969e6,
    "T5_WOOD_LEVEL2@2": 2144.0,
    "T7_HIDE_LEVEL4@4": 314999.0
  },
  "Lymhurst": {
    "T6_WOOD_LEVEL4@4": 129041.0,
    "T6_FIBER_LEVEL3@3": 29500.0,
    "T6_ORE_LEVEL1@1": 2198.0,
    "T5_ORE_LEVEL2@2": 2221.0,
    "T5_TEASEL": 530.0,
    "T4_HIDE": 91.0,
    "T3_WOOD": 111.0,
    "T8_WOOD_LEVEL4@4": 0.0,
    "T8_STONE_LEVEL4@4": 0.0,
    "T6_ORE_LEVEL4@4": 0.0,
    "T3_FIBER": 119.0,
    "T8_WOOD_LEVEL2@2": 64850.0,
    "T5_WOOD_LEVEL3@3": 11090.0,
    "T5_WOOD_LEVEL4@4": 57098.0,
    "T6_WOOD_LEVEL3@3": 30896.0,
    "TREASURE_CEREMONIAL_RARITY2": 4652.0,
    "T5_HIDE_LEVEL4@4": 0.0,
    "T7_FIBER_LEVEL1@1": 7167.0,
    "T4_HIDE_LEVEL3@3": 5997.0,
    "T6_FOXGLOVE": 594.0,
    "T8_ORE_LEVEL4@4": 0.0,
    "T6_ALCOHOL": 494.0,
    "TREASURE_KNOWLEDGE_RARITY1": 855.0,
    "T4_HIDE_LEVEL4@4": 0.0,
    "T6_STONE_LEVEL2@2": 0.0,
    "T8_ORE_LEVEL2@2": 84933.0,
    "T7_ORE_LEVEL3@3": 77860.0,
    "T4_BURDOCK": 450.0,
    "T5_FIBER": 393.0,
    "T7_WOOD_LEVEL4@4": 308793.0,
    "T8_ORE": 7773.0,
    "T3_COMFREY": 517.0,
    "T5_MEAT": 419.0,
    "T8_WOOD_LEVEL1@1": 14495.0,
    "T5_EGG": 374.0,
    "T8_STONE_LEVEL3@3": 0.0,
    "T7_CORN": 467.0,
    "T4_ORE_LEVEL1@1": 213.0,
    "T8_STONE": 0.0,
    "T7_ORE_LEVEL1@1": 6267.0,
    "T5_STONE": 0.0,
    "T5_FIBER_LEVEL3@3": 14500.0,
    "T7_STONE_LEVEL4@4": 0.0,
    "T7_WOOD_LEVEL2@2": 18073.0,
    "T4_ORE": 102.0,
    "T5_CABBAGE": 579.0,
    "T7_WOOD": 2589.0,
    "T6_HIDE_LEVEL4@4": 0.0,
    "T5_WOOD": 351.0,
    "T8_WOOD_LEVEL3@3": 249999.0,
    "TREASURE_RITUAL_RARITY3": 21991.0,
    "T8_ORE_LEVEL3@3": 499998.0,
    "T8_ALCOHOL": 465.0,
    "T4_FIBER": 125.0,
    "T8_STONE_LEVEL1@1": 0.0,
    "T4_STONE_LEVEL2@2": 0.0,
    "TREASURE_RITUAL_RARITY2": 2895.0,
    "T1_CARROT": 418.0,
    "T7_STONE_LEVEL3@3": 0.0,
    "T7_ORE_LEVEL2@2": 20995.0,
    "T2_FIBER": 50.0,
    "T4_MILK": 484.0,
    "T6_HIDE_LEVEL3@3": 32975.0,
    "T8_ORE_LEVEL1@1": 25489.0,
    "T2_HIDE": 80.0,
    "T4_FIBER_LEVEL1@1": 217.0,
    "T6_HIDE_LEVEL2@2": 0.0,
    "T6_FIBER": 1205.0,
    "T7_MULLEIN": 517.0,
    "T2_BEAN": 427.0,
    "T6_HIDE": 1605.0,
    "T4_STONE_LEVEL4@4": 0.0,
    "T8_YARROW": 462.0,
    "T4_TURNIP": 435.0,
    "TREASURE_TRIBAL_RARITY1": 899.0,
    "T7_FIBER": 2972.0,
    "TREASURE_TRIBAL_RARITY3": 23654.0,
    "T6_FIBER_LEVEL2@2": 8040.0,
    "T2_STONE": 0.0,
    "T7_WOOD_LEVEL1@1": 7980.0,
    "T3_ORE": 88.0,
    "T3_EGG": 229.0,
    "T5_FIBER_LEVEL2@2": 1641.0,
    "T6_MILK": 400.0,
    "T8_FIBER_LEVEL2@2": 77095.0,
    "TREASURE_CEREMONIAL_RARITY3": 23846.0,
    "T5_HIDE_LEVEL1@1": 641.0,
    "T6_FIBER_LEVEL4@4": 0.0,
    "T7_STONE_LEVEL2@2": 0.0,