{
  "Fort Sterling": {
    "T6_WOOD_LEVEL4@4": 110.28571428571429,
    "T6_FIBER_LEVEL3@3": 648.75,
    "T6_ORE_LEVEL1@1": 22012.428571428572,
    "T5_ORE_LEVEL2@2": 21647.714285714286,
    "T5_TEASEL": 28508.0,
    "T4_HIDE": 39388.71428571428,
    "T3_WOOD": 195212.125,
    "T8_WOOD_LEVEL4@4": 35.0,
    "T8_STONE_LEVEL4@4": 0.0,
    "T6_ORE_LEVEL4@4": 66.6,
    "T3_FIBER": 76273.625,
    "T8_WOOD_LEVEL2@2": 243.0,
    "T5_WOOD_LEVEL3@3": 1906.0,
    "T5_WOOD_LEVEL4@4": 142.57142857142858,
    "T6_WOOD_LEVEL3@3": 1242.142857142857,
    "TREASURE_CEREMONIAL_RARITY2": 3190.5714285714284,
    "T5_HIDE_LEVEL4@4": 0.0,
    "T7_FIBER_LEVEL1@1": 2793.5,
    "T4_HIDE_LEVEL3@3": 3027.285714285714,
    "T6_FOXGLOVE": 32669.5,
    "T8_ORE_LEVEL4@4": 3.5,
    "T6_ALCOHOL": 2799.0,
    "TREASURE_KNOWLEDGE_RARITY1": 10070.57142857143,
    "T4_HIDE_LEVEL4@4": 126.33333333333333,
    "T6_STONE_LEVEL2@2": 0.0,
    "T8_ORE_LEVEL2@2": 176.6,
    "T7_ORE_LEVEL3@3": 135.2,
    "T4_BURDOCK": 14488.666666666666,
    "T5_FIBER": 71338.0,
    "T7_WOOD_LEVEL4@4": 27.666666666666668,
    "T8_ORE": 3305.2,
    "T3_COMFREY": 20129.285714285714,
    "T5_MEAT": 0.0,
    "T8_WOOD_LEVEL1@1": 1269.142857142857,
    "T5_EGG": 14423.2,
    "T8_STONE_LEVEL3@3": 0.0,
    "T7_CORN": 44313.333333333336,
    "T4_ORE_LEVEL1@1": 112897.625,
    "T8_STONE": 0.0,
    "T7_ORE_LEVEL1@1": 3238.8,
    "T5_STONE": 0.0,
    "T5_FIBER_LEVEL3@3": 1706.6666666666667,
    "T7_STONE_LEVEL4@4": 0.0,
    "T7_WOOD_LEVEL2@2": 885.2857142857143,
    "T4_ORE": 499558.625,
    "T5_CABBAGE": 47375.875,
    "T7_WOOD": 19042.714285714286,
    "T6_HIDE_LEVEL4@4": 0.0,
    "T5_WOOD": 79597.375,
    "T8_WOOD_LEVEL3@3": 37.857142857142854,
    "TREASURE_RITUAL_RARITY3": 5375.0,
    "T8_ORE_LEVEL3@3": 26.0,
    "T8_ALCOHOL": 2516.4,
    "T4_FIBER": 93611.0,
    "T8_STONE_LEVEL1@1": 0.0,
    "T4_STONE_LEVEL2@2": 0.0,
    "TREASURE_RITUAL_RARITY2": 3244.625,
    "T1_CARROT": 117554.5,
    "T7_STONE_LEVEL3@3": 0.0,
    "T7_ORE_LEVEL2@2": 741.4,
    "T2_FIBER": 27865.0,
    "T4_MILK": 11401.6,
    "T6_HIDE_LEVEL3@3": 350.2857142857143,
    "T8_ORE_LEVEL1@1": 821.8,
    "T2_HIDE": 10228.0,
    "T4_FIBER_LEVEL1@1": 36474.375,
    "T6_HIDE_LEVEL2@2": 1990.3333333333333,
    "T6_FIBER": 34368.0,
    "T7_MULLEIN": 34687.0,
    "T2_BEAN": 15162.714285714286,
    "T6_HIDE": 30030.166666666668,
    "T4_STONE_LEVEL4@4": 0.0,
    "T8_YARROW": 85280.0,
    "T4_TURNIP": 101950.14285714286,
    "TREASURE_TRIBAL_RARITY1": 9502.875,
    "T7_FIBER": 12136.0,
    "TREASURE_TRIBAL_RARITY3": 3086.0,
    "T6_FIBER_LEVEL2@2": 4003.5,
    "T2_STONE": 0.0,
    "T7_WOOD_LEVEL1@1": 3250.5714285714284,
    "T3_ORE": 458273.375,
    "T3_EGG": 21825.285714285714,
    "T5_FIBER_LEVEL2@2": 9132.142857142857,
    "T6_MILK": 75610.4,
    "T8_FIBER_LEVEL2@2": 0.0,
    "TREASURE_CEREMONIAL_RARITY3": 3125.285714285714,
    "T5_HIDE_LEVEL1@1": 10824.333333333334,
    "T6_FIBER_LEVEL4@4": 0.0,
    "T7_STONE_LEVEL2@2": 0.0,
    "T7_FIBER_LEVEL3@3": 0.0,
    "T2_WOOD": 87213.0,
    "T5_ORE": 297138.125,
    "T3_MEAT": 82765.6,
    "T5_WOOD_LEVEL1@1": 24960.0,
    "T8_HIDE": 2337.25,
    "T8_STONE_LEVEL2@2": 0.0,
    "TREASURE_TRIBAL_RARITY2": 2892.0,
    "TREASURE_DECORATIVE_RARITY1": 3871.714285714286,
    "T7_ORE": 19259.0,
    "T7_ALCOHOL": 4611.6,
    "T7_HIDE_LEVEL1@1": 1816.0,
    "T6_MEAT": 40407.333333333336,
    "T7_STONE_LEVEL1@1": 0.0,
    "T5_FIBER_LEVEL4@4": 0.0,
    "T4_ORE_LEVEL3@3": 15514.42857142857,
    "T5_ORE_LEVEL1@1": 72696.57142857143,
    "T4_WOOD_LEVEL4@4": 574.0,
    "T4_HIDE_LEVEL1@1": 16025.25,
    "T4_ORE_LEVEL4@4": 568.4285714285714,
    "T6_HIDE_LEVEL1@1": 8850.142857142857,
    "T4_WOOD_LEVEL2@2": 13858.625,
    "T4_MEAT": 0.0,
    "T6_ORE": 80527.75,
    "T2_AGARIC": 12606.8,
    "TREASURE_SILVERWARE_RARITY3": 3129.8571428571427,
    "T4_STONE_LEVEL1@1": 0.0,
    "T3_WHEAT": 72490.71428571429,
    "T7_HIDE": 11968.0,
    "T7_ORE_LEVEL4@4": 56.4,
    "T6_STONE_LEVEL1@1": 0.0,
    "T6_ORE_LEVEL3@3": 1032.142857142857,
    "T4_HIDE_LEVEL2@2": 7895.875,
    "T5_HIDE_LEVEL3@3": 1051.4285714285713,
    "T5_STONE_LEVEL2@2": 0.0,
    "T6_STONE": 0.0,
    "TREASURE_DECORATIVE_RARITY2": 435.75,
    "T7_MEAT": 45152.5,
    "TREASURE_DECORATIVE_RARITY3": 343.57142857142856,
    "T5_FIBER_LEVEL1@1": 22744.833333333332,
    "T5_STONE_LEVEL3@3": 0.0,
    "T6_WOOD_LEVEL1@1": 16682.571428571428,
    "T4_ORE_LEVEL2@2": 36244.75,
    "T7_STONE": 0.0,
    "T5_ORE_LEVEL3@3": 4634.0,
    "T4_STONE_LEVEL3@3": 0.0,
    "T6_ORE_LEVEL2@2": 4407.6,
    "T4_WOOD": 155392.14285714287,
    "T7_HIDE_LEVEL3@3": 27.75,
    "TREASURE_RITUAL_RARITY1": 11975.57142857143,
    "T8_HIDE_LEVEL1@1": 436.5,
    "T8_FIBER_LEVEL4@4": 0.0,
    "T8_HIDE_LEVEL2@2": 174.25,
    "TREASURE_KNOWLEDGE_RARITY2": 3131.285714285714,
    "TREASURE_SILVERWARE_RARITY2": 3167.4285714285716,
    "T8_FIBER_LEVEL3@3": 0.0,
    "T3_HIDE": 35905.8,
    "T8_FIBER_LEVEL1@1": 590.75,
    "T6_WOOD": 47512.71428571428,
    "T5_HIDE": 34201.833333333336,
    "T7_FIBER_LEVEL2@2": 0.0,
    "T5_ORE_LEVEL4@4": 244.71428571428572,
    "T8_HIDE_LEVEL3@3": 21.142857142857142,
    "T6_FIBER_LEVEL1@1": 13675.375,
    "T8_WOOD": 4799.571428571428,
    "T4_FIBER_LEVEL2@2": 14926.125,
    "T7_HIDE_LEVEL2@2": 301.4,
    "T4_STONE": 0.0,
    "T8_MILK": 26883.0,
    "T4_FIBER_LEVEL3@3": 6559.5,
    "T7_WOOD_LEVEL3@3": 189.57142857142858,
    "T5_HIDE_LEVEL2@2": 4737.5,
    "T5_STONE_LEVEL1@1": 0.0,
    "TREASURE_SILVERWARE_RARITY1": 10320.285714285714,
    "T8_FIBER": 2189.75,
    "TREASURE_CEREMONIAL_RARITY1": 9913.857142857143,
    "T6_WOOD_LEVEL2@2": 5194.285714285715,
    "T6_STONE_LEVEL4@4": 0.0,
    "T4_FIBER_LEVEL4@4": 0.0,
    "T5_STONE_LEVEL4@4": 0.0,
    "T7_FIBER_LEVEL4@4": 57.0,
    "T2_ORE": 144583.75,
    "T4_WOOD_LEVEL1@1": 49570.75,
    "T8_PUMPKIN": 40685.166666666664,
    "TREASURE_KNOWLEDGE_RARITY3": 3071.8333333333335,
    "T6_STONE_LEVEL3@3": 0.0,
    "T6_POTATO": 52773.333333333336,
    "T3_STONE": 0.0,
    "T4_WOOD_LEVEL3@3": 5819.571428571428,
    "T8_MEAT": 32504.166666666668,
    "T8_HIDE_LEVEL4@4": 0.0,
    "T5_WOOD_LEVEL2@2": 8777.625,
    "T7_HIDE_LEVEL4@4": 0.0
  },
  "Lymhurst": {
    "T6_WOOD_LEVEL4@4": 203.75,
    "T6_FIBER_LEVEL3@3": 1161.5,
    "T6_ORE_LEVEL1@1": 13291.714285714286,
    "T5_ORE_LEVEL2@2": 0.0,
    "T5_TEASEL": 30235.0,
    "T4_HIDE": 218152.25,
    "T3_WOOD": 415195.14285714284,
    "T8_WOOD_LEVEL4@4": 8.333333333333334,
    "T8_STONE_LEVEL4@4": 0.0,
    "T6_ORE_LEVEL4@4": 0.0,
    "T3_FIBER": 184703.0,
    "T8_WOOD_LEVEL2@2": 107.4,
    "T5_WOOD_LEVEL3@3": 4400.142857142857,
    "T5_WOOD_LEVEL4@4": 212.6,
    "T6_WOOD_LEVEL3@3": 1327.2857142857142,
    "TREASURE_CEREMONIAL_RARITY2": 4241.666666666667,
    "T5_HIDE_LEVEL4@4": 0.0,
    "T7_FIBER_LEVEL1@1": 3918.0,
    "T4_HIDE_LEVEL3@3": 13301.42857142857,
    "T6_FOXGLOVE": 40979.142857142855,
    "T8_ORE_LEVEL4@4": 0.0,
    "T6_ALCOHOL": 5657.0,
    "TREASURE_KNOWLEDGE_RARITY1": 12848.666666666666,
    "T4_HIDE_LEVEL4@4": 0.0,
    "T6_STONE_LEVEL2@2": 0.0,
    "T8_ORE_LEVEL2@2": 0.0,
    "T7_ORE_LEVEL3@3": 69.66666666666667,
    "T4_BURDOCK": 72113.75,
    "T5_FIBER": 103340.125,
    "T7_WOOD_LEVEL4@4": 114.25,
    "T8_ORE": 2089.2,
    "T3_COMFREY": 20641.0,
    "T5_MEAT": 87581.625,
    "T8_WOOD_LEVEL1@1": 1229.6,
    "T5_EGG": 98871.0,
    "T8_STONE_LEVEL3@3": 0.0,
    "T7_CORN": 62694.142857142855,
    "T4_ORE_LEVEL1@1": 22806.8,
    "T8_STONE": 0.0,
    "T7_ORE_LEVEL1@1": 2898.1666666666665,
    "T5_STONE": 0.0,
    "T5_FIBER_LEVEL3@3": 2319.0,
    "T7_STONE_LEVEL4@4": 0.0,
    "T7_WOOD_LEVEL2@2": 751.6,
    "T4_ORE": 50253.0,
    "T5_CABBAGE": 134087.25,
    "T7_WOOD": 18132.0,
    "T6_HIDE_LEVEL4@4": 0.0,
    "T5_WOOD": 197006.33333333334,
    "T8_WOOD_LEVEL3@3": 27.0,
    "TREASURE_RITUAL_RARITY3": 6865.5,
    "T8_ORE_LEVEL3@3": 0.0,
    "T8_ALCOHOL": 11182.125,
    "T4_FIBER": 169549.5,
    "T8_STONE_LEVEL1@1": 0.0,
    "T4_STONE_LEVEL2@2": 0.0,
    "TREASURE_RITUAL_RARITY2": 4004.375,